epoch,time,train/box_loss,train/cls_loss,train/dfl_loss,metrics/precision(B),metrics/recall(B),metrics/mAP50(B),metrics/mAP50-95(B),val/box_loss,val/cls_loss,val/dfl_loss,lr/pg0,lr/pg1,lr/pg2
1,9.81143,3.83216,3.83315,2.86513,0.17133,0.01613,0.01764,0.01403,4.75069,4.33348,3.44539,1.667e-05,1.667e-05,1.667e-05
2,19.897,3.74756,3.83927,2.73449,0.16466,0.01613,0.01756,0.01402,4.74358,4.32542,3.435,4.93499e-05,4.93499e-05,4.93499e-05
3,30.5271,3.48621,3.74169,2.61045,0.56792,0.20764,0.05847,0.01826,2.45805,18.7243,1.80181,8.11496e-05,8.11496e-05,8.11496e-05
4,43.0621,3.08187,2.47078,2.10426,0.51543,0.08287,0.00735,0.00172,3.26812,inf,2.47544,0.000112069,0.000112069,0.000112069
5,55.6587,2.49246,2.90306,1.75332,0.51734,0.07542,0.00831,0.00322,3.1955,inf,2.31866,0.000142108,0.000142108,0.000142108
6,68.2929,2.60419,2.53664,1.85514,0.02843,0.06611,0.01079,0.00421,3.21665,7.50523,2.78611,0.000171268,0.000171268,0.000171268
7,81.3257,2.44029,2.11458,1.73395,0.03326,0.14741,0.0139,0.00383,2.95469,inf,2.07148,0.000199547,0.000199547,0.000199547
8,94.5427,2.26633,2.09517,1.68773,0.03074,0.13655,0.01075,0.0035,2.8851,inf,2.1629,0.000226945,0.000226945,0.000226945
9,110.886,2.25036,1.85905,1.65172,0.02808,0.21508,0.0154,0.00442,2.70124,inf,2.1338,0.000253464,0.000253464,0.000253464
10,127.777,2.23102,1.86359,1.66243,0.0181,0.17877,0.008,0.00221,2.70015,inf,2.2426,0.000279102,0.000279102,0.000279102
11,141.156,2.09259,1.56835,1.59852,0.0162,0.18808,0.00732,0.00189,2.85603,inf,2.62929,0.000303861,0.000303861,0.000303861
12,156.039,1.99051,1.61914,1.51683,0.01746,0.20484,0.00827,0.00243,2.78172,inf,2.70769,0.000327739,0.000327739,0.000327739
13,173.172,2.13441,1.64595,1.59033,0.00915,0.10615,0.00214,0.00061,2.57886,inf,2.10207,0.000350737,0.000350737,0.000350737
14,193.116,2.20077,1.75916,1.65422,0.01222,0.14339,0.00487,0.00129,2.72296,inf,2.44291,0.000372855,0.000372855,0.000372855
15,210.462,2.27051,1.59043,1.6837,0.0139,0.14991,0.00736,0.00184,2.98018,inf,3.51989,0.000394092,0.000394092,0.000394092
16,228.187,2.0924,1.46981,1.52366,0.01598,0.16324,0.00939,0.00278,3.05735,inf,6.44505,0.00041445,0.00041445,0.00041445
17,247.422,1.87104,1.42283,1.50003,0.00616,0.07293,0.00447,0.00164,2.73688,inf,9.57257,0.000433927,0.000433927,0.000433927
18,266.869,1.94881,1.3976,1.50687,0.00111,0.01304,4e-05,1e-05,2.48572,inf,5.43263,0.000452524,0.000452524,0.000452524
19,285.253,1.88078,1.36029,1.49477,0.00024,0.00279,0,0,2.68335,inf,3.91431,0.000470241,0.000470241,0.000470241
20,300.785,1.89151,1.43579,1.48858,0.00433,0.04935,0.00045,0.00015,2.64292,inf,3.22319,0.000487077,0.000487077,0.000487077
21,319.641,1.89154,1.4052,1.46452,0.00546,0.06238,0.00068,0.00025,2.58797,inf,4.04046,0.000503034,0.000503034,0.000503034
22,335.567,1.92021,1.46585,1.50786,0.00174,0.01955,6e-05,2e-05,3.07724,inf,7.9384,0.00051811,0.00051811,0.00051811
23,351.13,1.8486,1.44747,1.45775,0.00256,0.02916,0.0009,0.00018,2.995,inf,5.71397,0.000532306,0.000532306,0.000532306
24,364.234,1.9217,1.49538,1.47211,0.00377,0.04779,0.00055,9e-05,3.09648,inf,3.21697,0.000545622,0.000545622,0.000545622
25,380.026,2.07324,1.44746,1.53482,0.01193,0.10987,0.00257,0.00066,3.06863,inf,2.41712,0.000558058,0.000558058,0.000558058
26,395.803,1.98202,1.36121,1.53369,0.01338,0.13501,0.00371,0.00079,3.30378,inf,2.92873,0.000569614,0.000569614,0.000569614
27,408.465,1.82283,1.35793,1.43864,0.01951,0.17069,0.00627,0.00138,3.33303,inf,2.72321,0.000580289,0.000580289,0.000580289
28,421.338,1.82782,1.35027,1.46764,0.01951,0.17069,0.00627,0.00138,3.33303,inf,2.72321,0.000590085,0.000590085,0.000590085
29,432.218,1.75794,1.34107,1.45395,0.03998,0.18403,0.01743,0.00572,2.75809,inf,2.14721,0.000599,0.000599,0.000599
30,444.247,1.82413,1.27064,1.43699,0.0243,0.17469,0.00643,0.00216,3.26562,26.4741,2.62326,0.000607035,0.000607035,0.000607035
31,459.176,1.65332,1.24733,1.37537,0.0243,0.17469,0.00643,0.00216,3.26562,26.4741,2.62326,0.000614189,0.000614189,0.000614189
32,474.557,1.64301,1.2425,1.34751,0.06137,0.24233,0.02488,0.00813,2.79015,20.6325,2.20892,0.000620464,0.000620464,0.000620464
33,488.321,1.64327,1.26991,1.38522,0.06523,0.27588,0.03793,0.01306,2.5021,inf,2.08858,0.000625858,0.000625858,0.000625858
34,503.154,1.74104,1.24303,1.39705,0.06523,0.27588,0.03793,0.01306,2.5021,inf,2.08858,0.000630373,0.000630373,0.000630373
35,516.451,1.80698,1.21563,1.43092,0.06979,0.19769,0.03895,0.01341,2.56221,inf,2.07408,0.000634007,0.000634007,0.000634007
36,531.28,1.77443,1.2343,1.43058,0.10079,0.22779,0.0574,0.02282,2.29208,16.0808,1.97303,0.000636761,0.000636761,0.000636761
37,546.434,1.69726,1.1805,1.40917,0.10079,0.22779,0.0574,0.02282,2.29208,16.0808,1.97303,0.000638634,0.000638634,0.000638634
38,560.028,1.72106,1.20955,1.44286,0.18895,0.31282,0.08407,0.0295,2.54465,9.59812,2.02399,0.000639628,0.000639628,0.000639628
39,571.333,1.73074,1.18808,1.39075,0.16721,0.33051,0.09693,0.03601,2.39025,5.85918,1.94964,0.000639741,0.000639741,0.000639741
40,585.668,1.6191,1.15854,1.39677,0.16721,0.33051,0.09693,0.03601,2.39025,5.85918,1.94964,0.000638974,0.000638974,0.000638974
41,599.72,1.71738,1.22446,1.37578,0.11349,0.17154,0.08123,0.02773,2.4675,4.74921,1.92108,0.000637327,0.000637327,0.000637327
42,610.636,1.72925,1.26785,1.39035,0.6128,0.13408,0.05995,0.02359,2.43675,3.89044,1.93519,0.0006348,0.0006348,0.0006348
43,623.296,1.56985,1.18264,1.35772,0.6128,0.13408,0.05995,0.02359,2.43675,3.89044,1.93519,0.000631393,0.000631393,0.000631393
44,635.096,1.65641,1.2368,1.40699,0.62589,0.16201,0.08251,0.035,2.45884,3.09988,1.96302,0.000627105,0.000627105,0.000627105
45,648.826,1.81219,1.23796,1.41562,0.62589,0.16201,0.08251,0.035,2.45884,3.09988,1.96302,0.000621938,0.000621938,0.000621938
46,660.892,1.75585,1.17137,1.39298,0.72219,0.15456,0.132,0.05558,2.38626,2.62805,1.92534,0.00061589,0.00061589,0.00061589
47,674.217,1.64953,1.12026,1.3284,0.72219,0.15456,0.132,0.05558,2.38626,2.62805,1.92534,0.000608962,0.000608962,0.000608962
48,687.058,1.63978,1.13397,1.38258,0.66777,0.17132,0.09707,0.04104,2.34039,2.7634,1.90336,0.000601154,0.000601154,0.000601154
49,702.224,1.76254,1.20326,1.44227,0.66777,0.17132,0.09707,0.04104,2.34039,2.7634,1.90336,0.000592465,0.000592465,0.000592465
50,712.614,1.65381,1.14571,1.37987,0.13088,0.17132,0.07544,0.0301,2.36585,3.07564,1.85751,0.000582897,0.000582897,0.000582897
51,725.442,1.5829,1.14262,1.35737,0.13088,0.17132,0.07544,0.0301,2.36585,3.07564,1.85751,0.00056678,0.00056678,0.00056678
52,737.865,1.68065,1.16192,1.39226,0.14498,0.17412,0.08329,0.03347,2.23839,3.03321,1.79918,0.000544776,0.000544776,0.000544776
53,753.275,1.62185,1.14957,1.3672,0.14498,0.17412,0.08329,0.03347,2.23839,3.03321,1.79918,0.000522771,0.000522771,0.000522771
54,768.282,1.58497,1.11815,1.34497,0.13075,0.20019,0.08431,0.03788,2.1791,2.79328,1.77083,0.000500767,0.000500767,0.000500767
55,781.537,1.51904,1.05819,1.2745,0.13075,0.20019,0.08431,0.03788,2.1791,2.79328,1.77083,0.000478762,0.000478762,0.000478762
56,796.609,1.6348,1.12059,1.36818,0.20473,0.23308,0.14789,0.06823,2.25169,2.21293,1.80812,0.000456758,0.000456758,0.000456758
57,809.932,1.41972,1.0472,1.27864,0.20473,0.23308,0.14789,0.06823,2.25169,2.21293,1.80812,0.000434754,0.000434754,0.000434754
58,824.962,1.38311,1.03862,1.26034,0.24356,0.21445,0.17288,0.08723,2.15918,1.88986,1.79355,0.000412749,0.000412749,0.000412749
59,838.744,1.44653,1.05392,1.26992,0.24356,0.21445,0.17288,0.08723,2.15918,1.88986,1.79355,0.000390745,0.000390745,0.000390745
60,852.795,1.64824,1.17114,1.37368,0.22655,0.19553,0.17356,0.08684,2.17456,1.77067,1.79315,0.00036874,0.00036874,0.00036874
61,865.286,1.3475,1.05469,1.25284,0.22655,0.19553,0.17356,0.08684,2.17456,1.77067,1.79315,0.000346736,0.000346736,0.000346736
62,880.027,1.31443,1.0178,1.24719,0.29086,0.18707,0.17831,0.08096,2.30393,1.78778,1.84933,0.000324732,0.000324732,0.000324732
63,897.238,1.35488,0.97036,1.20633,0.29086,0.18707,0.17831,0.08096,2.30393,1.78778,1.84933,0.000302727,0.000302727,0.000302727
64,910.499,1.46546,1.04146,1.2571,0.27705,0.20103,0.18543,0.08852,2.21096,1.77387,1.81578,0.000280723,0.000280723,0.000280723
65,925.754,1.5976,1.05934,1.31574,0.27705,0.20103,0.18543,0.08852,2.21096,1.77387,1.81578,0.000258718,0.000258718,0.000258718
66,938.307,1.55358,1.11728,1.36891,0.314,0.20607,0.19174,0.10372,2.02961,1.65946,1.73016,0.000236714,0.000236714,0.000236714
67,953.236,1.56243,1.16247,1.39588,0.314,0.20607,0.19174,0.10372,2.02961,1.65946,1.73016,0.00021471,0.00021471,0.00021471
68,969.074,1.53299,1.14378,1.34191,0.27857,0.24259,0.21074,0.1152,1.98328,1.56697,1.68714,0.000192705,0.000192705,0.000192705
69,983.597,1.54032,1.1084,1.36143,0.27857,0.24259,0.21074,0.1152,1.98328,1.56697,1.68714,0.000170701,0.000170701,0.000170701
70,995.873,1.48276,1.09856,1.3651,0.30404,0.26923,0.22832,0.12509,1.92475,1.51652,1.6497,0.000148696,0.000148696,0.000148696
71,1006.32,1.43154,1.08491,1.32352,0.30404,0.26923,0.22832,0.12509,1.92475,1.51652,1.6497,0.000126692,0.000126692,0.000126692
72,1020.75,1.52209,1.10779,1.34834,0.40478,0.2492,0.23915,0.13166,1.88032,1.5081,1.63026,0.000104688,0.000104688,0.000104688
73,1034.79,1.35057,1.04401,1.294,0.40478,0.2492,0.23915,0.13166,1.88032,1.5081,1.63026,8.26832e-05,8.26832e-05,8.26832e-05
74,1047.18,1.34386,1.02881,1.2808,0.48083,0.26626,0.25512,0.13627,1.86718,1.49062,1.62243,6.06788e-05,6.06788e-05,6.06788e-05
75,1062.67,1.38885,1.06007,1.30315,0.48083,0.26626,0.25512,0.13627,1.86718,1.49062,1.62243,3.86744e-05,3.86744e-05,3.86744e-05
